date,speed,acc
8/25/2013,72.49557522123890,0.9135486725663720
8/26/2013,71.6734693877551,0.9127346938775510
8/27/2013,74.68852459016390,0.9156557377049180
8/28/2013,76.03225806451610,0.9196451612903230
8/29/2013,80.55319148936170,0.9238297872340430
8/30/2013,75.3125,0.9075000000000000
8/31/2013,80.0,0.9262962962962960
9/1/2013,78.33333333333330,0.917962962962963
9/2/2013,82.75384615384620,0.9284615384615380
9/3/2013,82.25714285714290,0.9248571428571430
9/4/2013,80.625,0.9250000000000000
9/5/2013,84.0,0.9316153846153850
9/6/2013,,
9/7/2013,,
9/8/2013,,
9/9/2013,,
9/10/2013,,
9/11/2013,,
9/12/2013,,
9/13/2013,,
9/14/2013,,
9/15/2013,,
9/16/2013,,
9/17/2013,,
9/18/2013,,
9/19/2013,,
9/20/2013,80.22222222222220,0.9077777777777780
9/21/2013,79.6923076923077,0.8967307692307690
9/22/2013,80.29166666666670,0.9054166666666670
9/23/2013,79.46808510638300,0.9019148936170220
9/24/2013,74.81818181818180,0.8945454545454550
9/25/2013,79.75862068965520,0.9124137931034480
9/26/2013,83.51515151515150,0.913030303030303
9/27/2013,83.88888888888890,0.9266666666666670
9/28/2013,84.81818181818180,0.9227272727272730
9/29/2013,85.43478260869570,0.9126086956521740
9/30/2013,81.33333333333330,0.9075000000000000
10/1/2013,82.6,0.9086666666666670
10/2/2013,81.66666666666670,0.91
10/3/2013,82.1,0.9070000000000000
10/4/2013,83.3076923076923,0.9069230769230770
10/5/2013,,
10/6/2013,,
10/7/2013,,
10/8/2013,,
10/9/2013,,
10/10/2013,,
10/11/2013,,
10/12/2013,,
10/13/2013,,
10/14/2013,,
10/15/2013,,
10/16/2013,,
10/17/2013,,
10/18/2013,,
10/19/2013,,
10/20/2013,,
10/21/2013,,
10/22/2013,,
10/23/2013,,
10/24/2013,,
10/25/2013,,
10/26/2013,,
10/27/2013,,
10/28/2013,,
10/29/2013,,
10/30/2013,,
10/31/2013,,
11/1/2013,,
11/2/2013,,
11/3/2013,,
11/4/2013,,
11/5/2013,,
11/6/2013,,
11/7/2013,,
11/8/2013,,
11/9/2013,,
11/10/2013,,
11/11/2013,,
11/12/2013,,
11/13/2013,,
11/14/2013,,
11/15/2013,,
11/16/2013,,
11/17/2013,,
11/18/2013,,
11/19/2013,,
11/20/2013,,
11/21/2013,,
11/22/2013,,
11/23/2013,,
11/24/2013,,
11/25/2013,,
11/26/2013,,
11/27/2013,,
11/28/2013,,
11/29/2013,,
11/30/2013,,
12/1/2013,,
12/2/2013,,
12/3/2013,,
12/4/2013,,
12/5/2013,,
12/6/2013,,
12/7/2013,,
12/8/2013,,
12/9/2013,,
12/10/2013,,
12/11/2013,,
12/12/2013,,
12/13/2013,,
12/14/2013,,
12/15/2013,,
12/16/2013,,
12/17/2013,,
12/18/2013,,
12/19/2013,,
12/20/2013,,
12/21/2013,,
12/22/2013,,
12/23/2013,,
12/24/2013,,
12/25/2013,,
12/26/2013,,
12/27/2013,,
12/28/2013,,
12/29/2013,,
12/30/2013,,
12/31/2013,,
1/1/2014,,
1/2/2014,,
1/3/2014,,
1/4/2014,,
1/5/2014,,
1/6/2014,,
1/7/2014,,
1/8/2014,,
1/9/2014,,
1/10/2014,,
1/11/2014,,
1/12/2014,,
1/13/2014,,
1/14/2014,,
1/15/2014,,
1/16/2014,,
1/17/2014,,
1/18/2014,,
1/19/2014,,
1/20/2014,,
1/21/2014,,
1/22/2014,,
1/23/2014,,
1/24/2014,,
1/25/2014,,
1/26/2014,,
1/27/2014,,
1/28/2014,,
1/29/2014,,
1/30/2014,,
1/31/2014,,
2/1/2014,,
2/2/2014,,
2/3/2014,,
2/4/2014,,
2/5/2014,,
2/6/2014,,
2/7/2014,,
2/8/2014,,
2/9/2014,,
2/10/2014,,
2/11/2014,,
2/12/2014,,
2/13/2014,,
2/14/2014,,
2/15/2014,,
2/16/2014,,
2/17/2014,,
2/18/2014,,
2/19/2014,,
2/20/2014,,
2/21/2014,,
2/22/2014,,
2/23/2014,,
2/24/2014,,
2/25/2014,,
2/26/2014,,
2/27/2014,,
2/28/2014,,
3/1/2014,,
3/2/2014,,
3/3/2014,,
3/4/2014,,
3/5/2014,,
3/6/2014,,
3/7/2014,,
3/8/2014,,
3/9/2014,,
3/10/2014,,
3/11/2014,,
3/12/2014,,
3/13/2014,,
3/14/2014,,
3/15/2014,,
3/16/2014,,
3/17/2014,,
3/18/2014,,
3/19/2014,,
3/20/2014,,
3/21/2014,,
3/22/2014,,
3/23/2014,,
3/24/2014,,
3/25/2014,,
3/26/2014,,
3/27/2014,,
3/28/2014,,
3/29/2014,,
3/30/2014,,
3/31/2014,,
4/1/2014,,
4/2/2014,,
4/3/2014,,
4/4/2014,,
4/5/2014,,
4/6/2014,,
4/7/2014,,
4/8/2014,,
4/9/2014,,
4/10/2014,,
4/11/2014,,
4/12/2014,,
4/13/2014,,
4/14/2014,,
4/15/2014,,
4/16/2014,,
4/17/2014,,
4/18/2014,,
4/19/2014,,
4/20/2014,,
4/21/2014,,
4/22/2014,,
4/23/2014,,
4/24/2014,,
4/25/2014,,
4/26/2014,,
4/27/2014,,
4/28/2014,,
4/29/2014,,
4/30/2014,,
5/1/2014,,
5/2/2014,,
5/3/2014,,
5/4/2014,,
5/5/2014,,
5/6/2014,,
5/7/2014,,
5/8/2014,,
5/9/2014,,
5/10/2014,,
5/11/2014,,
5/12/2014,,
5/13/2014,,
5/14/2014,,
5/15/2014,,
5/16/2014,,
5/17/2014,,
5/18/2014,,
5/19/2014,,
5/20/2014,,
5/21/2014,,
5/22/2014,,
5/23/2014,,
5/24/2014,,
5/25/2014,,
5/26/2014,,
5/27/2014,,
5/28/2014,,
5/29/2014,,
5/30/2014,,
5/31/2014,,
6/1/2014,,
6/2/2014,,
6/3/2014,,
6/4/2014,,
6/5/2014,,
6/6/2014,,
6/7/2014,,
6/8/2014,,
6/9/2014,,
6/10/2014,,
6/11/2014,,
6/12/2014,,
6/13/2014,,
6/14/2014,,
6/15/2014,,
6/16/2014,,
6/17/2014,,
6/18/2014,,
6/19/2014,,
6/20/2014,,
6/21/2014,,
6/22/2014,,
6/23/2014,,
6/24/2014,,
6/25/2014,,
6/26/2014,,
6/27/2014,,
6/28/2014,,
6/29/2014,,
6/30/2014,,
7/1/2014,,
7/2/2014,,
7/3/2014,,
7/4/2014,,
7/5/2014,,
7/6/2014,,
7/7/2014,,
7/8/2014,,
7/9/2014,,
7/10/2014,,
7/11/2014,,
7/12/2014,,
7/13/2014,,
7/14/2014,,
7/15/2014,,
7/16/2014,,
7/17/2014,,
7/18/2014,,
7/19/2014,,
7/20/2014,,
7/21/2014,,
7/22/2014,,
7/23/2014,,
7/24/2014,,
7/25/2014,,
7/26/2014,,
7/27/2014,,
7/28/2014,,
7/29/2014,,
7/30/2014,,
7/31/2014,,
8/1/2014,,
8/2/2014,,
8/3/2014,,
8/4/2014,,
8/5/2014,,
8/6/2014,,
8/7/2014,,
8/8/2014,,
8/9/2014,,
8/10/2014,,
8/11/2014,,
8/12/2014,,
8/13/2014,,
8/14/2014,,
8/15/2014,,
8/16/2014,,
8/17/2014,89.05555555555560,0.9194444444444450
8/18/2014,,
8/19/2014,94.9375,0.939375
8/20/2014,92.0,0.9240540540540540
8/21/2014,,
8/22/2014,85.0,0.91
8/23/2014,,
8/24/2014,,
8/25/2014,89.44444444444440,0.921111111111111
8/26/2014,,
8/27/2014,,
8/28/2014,,
8/29/2014,,
8/30/2014,,
8/31/2014,,
9/1/2014,,
9/2/2014,,
9/3/2014,,
9/4/2014,,
9/5/2014,,
9/6/2014,91.50704225352110,0.9095774647887320
9/7/2014,97.47096774193550,0.9299354838709680
9/8/2014,98.96428571428570,0.9328571428571430
9/9/2014,101.15384615384600,0.9469230769230770
9/10/2014,100.11111111111100,0.9366666666666670
9/11/2014,102.03125,0.9450000000000000
9/12/2014,99.60377358490570,0.9324528301886790
9/13/2014,101.26470588235300,0.9311764705882360
9/14/2014,101.56410256410300,0.9358974358974360
9/15/2014,104.29333333333300,0.9409333333333330
9/16/2014,103.21621621621600,0.9440540540540540
9/17/2014,104.08035714285700,0.9370535714285720
9/18/2014,105.6304347826090,0.9423913043478260
9/19/2014,101.66666666666700,0.9300000000000000
9/20/2014,105.9322033898310,0.9442372881355930
9/21/2014,106.18518518518500,0.942592592592593
9/22/2014,104.85714285714300,0.9364285714285710
9/23/2014,105.42857142857100,0.9469841269841270
9/24/2014,106.58181818181800,0.943272727272727
9/25/2014,103.78523489932900,0.9366442953020130
9/26/2014,,
9/27/2014,104.05747126436800,0.9409195402298850
9/28/2014,104.45,0.9358333333333330
9/29/2014,,
9/30/2014,105.23529411764700,0.9411764705882350
10/1/2014,106.29166666666700,0.9375000000000000
10/2/2014,105.92857142857100,0.9164285714285720
10/3/2014,106.30434782608700,0.9384782608695650
10/4/2014,106.35483870967700,0.9445161290322580
10/5/2014,107.91803278688500,0.9463934426229510
10/6/2014,107.85333333333300,0.9373333333333340
10/7/2014,107.225,0.9272500000000000
10/8/2014,105.6,0.9350000000000000
10/9/2014,105.68888888888900,0.936
10/10/2014,106.63414634146300,0.9419512195121950
10/11/2014,106.38135593220300,0.9423728813559330
10/12/2014,108.32142857142900,0.9437500000000000
10/13/2014,107.38356164383600,0.940958904109589
10/14/2014,108.04347826087000,0.9408695652173910
10/15/2014,108.4888888888890,0.944888888888889
10/16/2014,109.57692307692300,0.9411538461538460
10/17/2014,104.0,0.9435714285714290
10/18/2014,105.875,0.9384375000000000
10/19/2014,104.97619047619000,0.9342857142857140
10/20/2014,103.2,0.9380000000000000
10/21/2014,108.0,0.9412500000000000
10/22/2014,107.275,0.9415000000000000
10/23/2014,112.0,0.9506250000000000
10/24/2014,106.875,0.9425000000000000
10/25/2014,105.3076923076920,0.9451282051282050
10/26/2014,105.44444444444400,0.9416666666666670
10/27/2014,,
10/28/2014,119.0,0.97
10/29/2014,105.66666666666700,0.8966666666666670
10/30/2014,109.34615384615400,0.9611538461538460
10/31/2014,106.0,0.948181818181818
11/1/2014,112.76923076923100,0.9615384615384620
11/2/2014,108.0,0.9515789473684210
11/3/2014,109.16666666666700,0.9400000000000000
11/4/2014,106.72727272727300,0.9472727272727270
11/5/2014,,
11/6/2014,107.55555555555600,0.9444444444444440
11/7/2014,,
11/8/2014,110.13636363636400,0.9540909090909090
11/9/2014,110.0952380952380,0.95
11/10/2014,,
11/11/2014,,
11/12/2014,108.71428571428600,0.9482857142857140
11/13/2014,,
11/14/2014,107.0,0.9557142857142860
11/15/2014,110.16666666666700,0.9590000000000000
11/16/2014,107.16666666666700,0.9566666666666670
11/17/2014,,
11/18/2014,,
11/19/2014,100.5,0.945
11/20/2014,,
11/21/2014,116.15384615384600,0.9546153846153850
11/22/2014,106.0,0.95
11/23/2014,110.61538461538500,0.9623076923076920
11/24/2014,110.5,0.9625000000000000
11/25/2014,108.57142857142900,0.9578571428571430
11/26/2014,111.29411764705900,0.9723529411764710
11/27/2014,115.0,0.965
11/28/2014,102.88888888888900,0.9433333333333330
11/29/2014,109.5,0.9678571428571430
11/30/2014,111.08695652173900,0.9400000000000000
12/1/2014,107.42857142857100,0.9585714285714290
12/2/2014,,
12/3/2014,106.91666666666700,0.9525
12/4/2014,99.0,0.92
12/5/2014,103.90243902439000,0.9414634146341460
12/6/2014,107.18181818181800,0.9468181818181820
12/7/2014,108.5,0.9536363636363640
12/8/2014,,
12/9/2014,,
12/10/2014,109.9,0.9560000000000000
12/11/2014,,
12/12/2014,99.5,0.975
12/13/2014,111.04,0.9320000000000000
12/14/2014,116.33333333333300,0.9500000000000000
12/15/2014,,
12/16/2014,109.66666666666700,0.9466666666666670
12/17/2014,105.66666666666700,0.94
12/18/2014,109.5,0.94
12/19/2014,113.36538461538500,0.9438461538461530
12/20/2014,112.41176470588200,0.9576470588235290
12/21/2014,115.06896551724100,0.9615517241379310
12/22/2014,114.28888888888900,0.9608888888888890
12/23/2014,112.2,0.9400000000000000
12/24/2014,101.5,0.97
12/25/2014,112.0,0.95
12/26/2014,110.0,0.9633333333333330
12/27/2014,112.8,0.9426666666666670
12/28/2014,116.05,0.9495000000000000
12/29/2014,109.5,0.98
12/30/2014,113.0,0.94
12/31/2014,112.25,0.95125
1/1/2015,,
1/2/2015,,
1/3/2015,,
1/4/2015,109.4,0.9535000000000000
1/5/2015,113.07692307692300,0.9515384615384620
1/6/2015,,
1/7/2015,,
1/8/2015,,
1/9/2015,,
1/10/2015,,
1/11/2015,119.0,0.97
1/12/2015,,
1/13/2015,,
1/14/2015,,
1/15/2015,,
1/16/2015,115.0,0.95
1/17/2015,,
1/18/2015,109.96,0.966
1/19/2015,113.5,0.98
1/20/2015,,
1/21/2015,,
1/22/2015,,
1/23/2015,,
1/24/2015,114.27777777777800,0.9666666666666670
1/25/2015,,
1/26/2015,113.5,0.97
1/27/2015,115.42105263157900,0.9552631578947370
1/28/2015,,
1/29/2015,,
1/30/2015,,
1/31/2015,115.22222222222200,0.9622222222222220
2/1/2015,111.5,0.95
2/2/2015,117.4,0.9560000000000000
2/3/2015,,
2/4/2015,113.4,0.9460000000000000
2/5/2015,112.75,0.95875
2/6/2015,120.0,1.0
2/7/2015,,
2/8/2015,115.0,0.96
2/9/2015,118.0,0.9766666666666670
2/10/2015,,
2/11/2015,,
2/12/2015,114.25,0.9625000000000000
2/13/2015,,
2/14/2015,111.6,0.9480000000000000
2/15/2015,109.71428571428600,0.9600000000000000
2/16/2015,114.33333333333300,0.9666666666666670
2/17/2015,113.11764705882400,0.9647058823529410
2/18/2015,,
2/19/2015,103.0,0.94
2/20/2015,,
2/21/2015,,
2/22/2015,,
2/23/2015,,
2/24/2015,,
2/25/2015,110.33333333333300,0.9550000000000000
2/26/2015,110.0,0.9566666666666670
2/27/2015,115.53846153846200,0.9553846153846150
2/28/2015,111.88888888888900,0.9544444444444440
3/1/2015,115.0,0.96
3/2/2015,,
3/3/2015,,
3/4/2015,,
3/5/2015,107.0,0.95
3/6/2015,113.5,0.965
3/7/2015,112.25925925925900,0.9514814814814810
3/8/2015,112.6896551724140,0.9586206896551720
3/9/2015,,
3/10/2015,109.85714285714300,0.95
3/11/2015,126.0,0.99
3/12/2015,,
3/13/2015,107.72727272727300,0.9481818181818180
3/14/2015,110.125,0.9562500000000000
3/15/2015,111.4,0.9410000000000000
3/16/2015,114.5,0.9675
3/17/2015,,
3/18/2015,116.76470588235300,0.9564705882352940
3/19/2015,112.85714285714300,0.9585714285714280
3/20/2015,116.5,0.955
3/21/2015,112.25,0.9575000000000000
3/22/2015,,
3/23/2015,,
3/24/2015,110.0,0.96
3/25/2015,109.42857142857100,0.9607142857142860
3/26/2015,105.66666666666700,0.9333333333333330
3/27/2015,112.73684210526300,0.9421052631578950
3/28/2015,114.3,0.9550000000000000
3/29/2015,111.75,0.9525
3/30/2015,,
3/31/2015,112.0,0.9650000000000000
4/1/2015,108.5,0.945
4/2/2015,,
4/3/2015,,
4/4/2015,,
4/5/2015,103.25,0.945
4/6/2015,,
4/7/2015,,
4/8/2015,,
4/9/2015,102.8,0.944
4/10/2015,108.0,0.974
4/11/2015,,
4/12/2015,,
4/13/2015,,
4/14/2015,,
4/15/2015,,
4/16/2015,,
4/17/2015,109.73333333333300,0.9446666666666670
4/18/2015,,
4/19/2015,,
4/20/2015,,
4/21/2015,,
4/22/2015,113.0,0.9575
4/23/2015,,
4/24/2015,,
4/25/2015,109.67241379310300,0.9468965517241380
4/26/2015,110.16666666666700,0.9466666666666670
4/27/2015,,
4/28/2015,,
4/29/2015,,
4/30/2015,,
5/1/2015,,
5/2/2015,109.4,0.95
5/3/2015,,
5/4/2015,,
5/5/2015,117.5,0.97
5/6/2015,118.33333333333300,0.955
5/7/2015,,
5/8/2015,114.38888888888900,0.9463888888888890
5/9/2015,113.55555555555600,0.9440000000000000
5/10/2015,117.65333333333300,0.9554666666666670
5/11/2015,117.23076923076900,0.9515384615384610
5/12/2015,117.75342465753400,0.9464383561643830
5/13/2015,113.92307692307700,0.9561538461538460
5/14/2015,118.54,0.9556000000000000
5/15/2015,115.97826086956500,0.9541304347826090
5/16/2015,117.54368932038800,0.9579611650485430
5/17/2015,117.91111111111100,0.9546666666666660
5/18/2015,118.73584905660400,0.9533962264150940
5/19/2015,116.04629629629600,0.953333333333333
5/20/2015,115.81188118811900,0.9560396039603960
5/21/2015,115.92727272727300,0.9603636363636360
5/22/2015,116.10526315789500,0.9563157894736840
5/23/2015,116.44036697247700,0.9572477064220180
5/24/2015,115.93333333333300,0.9553333333333340
5/25/2015,114.83098591549300,0.9481690140845070
5/26/2015,115.609375,0.9579687500000000
5/27/2015,118.04166666666700,0.9633333333333330
5/28/2015,117.95238095238100,0.9466666666666670
5/29/2015,117.34246575342500,0.9512328767123290
5/30/2015,117.5,0.975
5/31/2015,113.78571428571400,0.955
6/1/2015,,
6/2/2015,,
6/3/2015,,
6/4/2015,,
6/5/2015,114.06818181818200,0.9452272727272730
6/6/2015,118.0126582278480,0.9554430379746830
6/7/2015,116.87179487179500,0.9520512820512820
6/8/2015,119.64864864864900,0.9600000000000000
6/9/2015,116.57894736842100,0.9673684210526320
6/10/2015,115.33333333333300,0.96
6/11/2015,119.25,0.9625000000000000
6/12/2015,115.4,0.959
6/13/2015,112.92857142857100,0.9507142857142860
6/14/2015,117.0,0.9641935483870970
6/15/2015,114.0,0.96
6/16/2015,116.0,0.9591666666666670
6/17/2015,117.27272727272700,0.9548484848484850
6/18/2015,118.5952380952380,0.9528571428571430
6/19/2015,113.08333333333300,0.955
6/20/2015,117.58441558441600,0.9559740259740260
6/21/2015,117.43037974683500,0.9621518987341770
6/22/2015,117.44827586206900,0.9562068965517240
6/23/2015,114.51612903225800,0.9619354838709680
6/24/2015,116.8695652173910,0.957391304347826
6/25/2015,,
6/26/2015,112.0952380952380,0.9638095238095240
6/27/2015,116.375,0.9553125000000000
6/28/2015,119.77099236641200,0.9559541984732820
6/29/2015,120.65384615384600,0.9715384615384620
6/30/2015,116.14285714285700,0.9621428571428570
7/1/2015,118.57142857142900,0.9571428571428570
7/2/2015,118.09375,0.9684375000000000
7/3/2015,116.16216216216200,0.9524324324324320
7/4/2015,115.41025641025600,0.9482051282051280
7/5/2015,119.6,0.958
7/6/2015,112.5,0.96
7/7/2015,115.92307692307700,0.9603846153846160
7/8/2015,114.45,0.9525
7/9/2015,117.44444444444400,0.9788888888888890
7/10/2015,,
7/11/2015,,
7/12/2015,,
7/13/2015,,
7/14/2015,,
7/15/2015,,
7/16/2015,,
7/17/2015,,
7/18/2015,,
7/19/2015,,
7/20/2015,,
7/21/2015,,
7/22/2015,,
7/23/2015,,
7/24/2015,,
7/25/2015,,
7/26/2015,,
7/27/2015,,
7/28/2015,118.85714285714300,0.9671428571428570
7/29/2015,118.49180327868900,0.9627868852459020
7/30/2015,121.07142857142900,0.9630952380952380
7/31/2015,120.72881355932200,0.9584745762711870
8/1/2015,120.42105263157900,0.9673684210526320
8/2/2015,119.61363636363600,0.9634090909090910
8/3/2015,119.95061728395100,0.9646913580246910
8/4/2015,120.73239436619700,0.9656338028169020
8/5/2015,120.84375,0.9657812500000000
8/6/2015,121.57575757575800,0.9675757575757580
8/7/2015,120.78947368421100,0.9684210526315790
8/8/2015,118.92682926829300,0.9678048780487810
8/9/2015,120.52941176470600,0.9647058823529410
8/10/2015,119.66666666666700,0.9766666666666670
8/11/2015,,
8/12/2015,117.75,0.97
8/13/2015,,
8/14/2015,117.85714285714300,0.9635714285714290
8/15/2015,121.63157894736800,0.9684210526315790
8/16/2015,122.20338983050800,0.9620338983050850
8/17/2015,125.0,1.0
8/18/2015,116.5,0.9783333333333330
8/19/2015,,
8/20/2015,122.57142857142900,0.9714285714285720
8/21/2015,122.8,0.9560000000000000
8/22/2015,120.75,0.96625
8/23/2015,119.83333333333300,0.9755555555555560
8/24/2015,,
8/25/2015,121.42857142857100,0.9707142857142860
8/26/2015,130.0,0.98
8/27/2015,123.5,0.9725
8/28/2015,115.8,0.966
8/29/2015,120.65,0.967
8/30/2015,125.23076923076900,0.9615384615384620
8/31/2015,129.0,0.964375
9/1/2015,127.0,0.9733333333333330
9/2/2015,126.5,0.9725000000000000
9/3/2015,125.08333333333300,0.9708333333333330
9/4/2015,123.0,0.97
9/5/2015,122.4,0.9740000000000000
9/6/2015,,
9/7/2015,122.5,0.96
9/8/2015,127.0,0.98
9/9/2015,128.0,0.98
9/10/2015,119.0,0.92
9/11/2015,,
9/12/2015,120.625,0.98
9/13/2015,123.63157894736800,0.9710526315789470
9/14/2015,,
9/15/2015,,
9/16/2015,121.0,0.98
9/17/2015,,
9/18/2015,,
9/19/2015,123.0,0.975
9/20/2015,,
9/21/2015,,
9/22/2015,121.0,0.975
9/23/2015,123.8,0.9740000000000000
9/24/2015,,
9/25/2015,,
9/26/2015,,
9/27/2015,120.0,0.98
9/28/2015,,
9/29/2015,125.5,0.99
9/30/2015,,
10/1/2015,,
10/2/2015,,
10/3/2015,,
10/4/2015,120.66666666666700,0.9833333333333330
10/5/2015,,
10/6/2015,,
10/7/2015,,
10/8/2015,,
10/9/2015,,
10/10/2015,,
10/11/2015,,
10/12/2015,,
10/13/2015,,
10/14/2015,,
10/15/2015,,
10/16/2015,,
10/17/2015,,
10/18/2015,,
10/19/2015,,
10/20/2015,,
10/21/2015,,
10/22/2015,,
10/23/2015,,
10/24/2015,,
10/25/2015,,
10/26/2015,,
10/27/2015,,
10/28/2015,,
10/29/2015,,
10/30/2015,,
10/31/2015,,
11/1/2015,,
11/2/2015,,
11/3/2015,,
11/4/2015,,
11/5/2015,,
11/6/2015,,
11/7/2015,,
11/8/2015,,
11/9/2015,,
11/10/2015,,
11/11/2015,,
11/12/2015,,
11/13/2015,,
11/14/2015,,
11/15/2015,,
11/16/2015,,
11/17/2015,,
11/18/2015,,
11/19/2015,,
11/20/2015,,
11/21/2015,,
11/22/2015,,
11/23/2015,,
11/24/2015,,
11/25/2015,,
11/26/2015,,
11/27/2015,,
11/28/2015,,
11/29/2015,,
11/30/2015,,
12/1/2015,,
12/2/2015,,
12/3/2015,,
12/4/2015,,
12/5/2015,,
12/6/2015,,
12/7/2015,,
12/8/2015,121.0,0.9766666666666670
12/9/2015,123.46666666666700,0.9746666666666670
12/10/2015,,
12/11/2015,,
12/12/2015,115.5,0.9775
12/13/2015,128.3939393939390,0.9736363636363640
12/14/2015,,
12/15/2015,,
12/16/2015,,
12/17/2015,,
12/18/2015,127.57142857142900,0.9785714285714290
12/19/2015,126.14285714285700,0.9674285714285710
12/20/2015,129.0,0.982
12/21/2015,126.41666666666700,0.9741666666666670
12/22/2015,126.46153846153800,0.9815384615384620
12/23/2015,,
12/24/2015,126.66666666666700,0.9833333333333330
12/25/2015,126.5,0.9775
12/26/2015,,
12/27/2015,119.0,0.98
12/28/2015,121.5,0.975
12/29/2015,121.0,0.9780000000000000
12/30/2015,122.0,0.985
12/31/2015,122.5,0.975
1/1/2016,126.46428571428600,0.9760714285714280
1/2/2016,127.0,0.976875
1/3/2016,127.5,0.98
1/4/2016,130.66666666666700,0.9888888888888890
1/5/2016,,
1/6/2016,,
1/7/2016,,
1/8/2016,,
1/9/2016,,
1/10/2016,124.36363636363600,0.9836363636363640
1/11/2016,,
1/12/2016,,
1/13/2016,125.25,0.9725000000000000
1/14/2016,,
1/15/2016,,
1/16/2016,113.0,0.95
1/17/2016,121.75,0.9762500000000000
1/18/2016,117.0,0.95
1/19/2016,,
1/20/2016,123.22222222222200,0.99
1/21/2016,,
1/22/2016,,
1/23/2016,128.71641791044800,0.9768656716417910
1/24/2016,128.24137931034500,0.9844827586206900
1/25/2016,128.16666666666700,0.9666666666666670
1/26/2016,,
1/27/2016,126.66666666666700,0.9688888888888890
1/28/2016,126.33333333333300,0.975
1/29/2016,128.0,0.975
1/30/2016,127.9,0.9810000000000000
1/31/2016,127.47368421052600,0.9805263157894740
2/1/2016,123.0,0.975
2/2/2016,,
2/3/2016,,
2/4/2016,126.33333333333300,0.9708333333333330
2/5/2016,,
2/6/2016,,
2/7/2016,,
2/8/2016,129.77777777777800,0.9777777777777780
2/9/2016,,
2/10/2016,,
2/11/2016,125.5,0.9775000000000000
2/12/2016,125.0,0.9633333333333330
2/13/2016,126.66666666666700,0.9700000000000000
2/14/2016,,
2/15/2016,131.92857142857100,0.9828571428571430
2/16/2016,131.23076923076900,0.976923076923077
2/17/2016,128.375,0.9737500000000000
2/18/2016,,
2/19/2016,,
2/20/2016,,
2/21/2016,126.75,0.9725
2/22/2016,136.5,0.99
2/23/2016,126.0,0.95
2/24/2016,,
2/25/2016,,
2/26/2016,,
2/27/2016,,
2/28/2016,132.5,0.9875
2/29/2016,,
3/1/2016,,
3/2/2016,131.25,0.9725000000000000
3/3/2016,120.0,0.97
3/4/2016,129.33333333333300,0.9766666666666670
3/5/2016,121.5,0.98
3/6/2016,125.88888888888900,0.9722222222222220
3/7/2016,133.0,1.0
3/8/2016,,
3/9/2016,,
3/10/2016,,
3/11/2016,,
3/12/2016,128.5,0.9775
3/13/2016,126.44444444444400,0.9700000000000000
3/14/2016,129.0,0.99
3/15/2016,,
3/16/2016,,
3/17/2016,,
3/18/2016,120.5,0.975
3/19/2016,126.5,0.975
3/20/2016,134.0,0.99
3/21/2016,124.5,0.97
3/22/2016,123.0,0.95
3/23/2016,,
3/24/2016,,
3/25/2016,126.25,0.9675000000000000
3/26/2016,129.0,0.9950000000000000
3/27/2016,,
3/28/2016,,
3/29/2016,,
3/30/2016,134.0,1.0
3/31/2016,,
4/1/2016,,
4/2/2016,,
4/3/2016,,
4/4/2016,,
4/5/2016,,
4/6/2016,125.0,0.98
4/7/2016,130.0,0.968
4/8/2016,136.0,1.0
4/9/2016,132.0,0.9721428571428570
4/10/2016,,
4/11/2016,,
4/12/2016,,
4/13/2016,,
4/14/2016,,
4/15/2016,,
4/16/2016,129.0,0.97
4/17/2016,125.0,0.9780000000000000
4/18/2016,,
4/19/2016,,
4/20/2016,,
4/21/2016,,
4/22/2016,,
4/23/2016,122.0,0.97
4/24/2016,,
4/25/2016,128.0,0.9700000000000000
4/26/2016,,
4/27/2016,,
4/28/2016,132.33333333333300,0.9766666666666670
4/29/2016,,
4/30/2016,128.0,0.9772727272727270
5/1/2016,130.45454545454500,0.9854545454545460
5/2/2016,,
5/3/2016,132.76923076923100,0.9823076923076920
5/4/2016,131.75,0.9750000000000000
5/5/2016,129.91666666666700,0.9875000000000000
5/6/2016,,
5/7/2016,127.14285714285700,0.9742857142857140
5/8/2016,,
5/9/2016,,
5/10/2016,,
5/11/2016,,
5/12/2016,,
5/13/2016,,
5/14/2016,123.5,0.9750000000000000
5/15/2016,129.9,0.9710000000000000
5/16/2016,,
5/17/2016,128.0,0.98
5/18/2016,,
5/19/2016,,
5/20/2016,,
5/21/2016,128.78571428571400,0.9821428571428570
5/22/2016,129.95652173913000,0.9843478260869560
5/23/2016,133.5,0.985
5/24/2016,135.0,0.986
5/25/2016,133.0,0.982
5/26/2016,,
5/27/2016,,
5/28/2016,125.0,0.975
5/29/2016,,
5/30/2016,131.13636363636400,0.9786363636363640
5/31/2016,123.5,0.975
6/1/2016,,
6/2/2016,,
6/3/2016,,
6/4/2016,131.6,0.9720000000000000
6/5/2016,,
6/6/2016,,
6/7/2016,,
6/8/2016,,
6/9/2016,,
6/10/2016,,
6/11/2016,125.36363636363600,0.9700000000000000
6/12/2016,139.0,0.99
6/13/2016,130.33333333333300,0.985
6/14/2016,134.2,0.984
6/15/2016,125.375,0.9662500000000000
6/16/2016,125.0,0.99
6/17/2016,127.375,0.97875
6/18/2016,,
6/19/2016,,
6/20/2016,,
6/21/2016,,
6/22/2016,,
6/23/2016,,
6/24/2016,,
6/25/2016,,
6/26/2016,,
6/27/2016,,
6/28/2016,,
6/29/2016,,
6/30/2016,,
7/1/2016,135.0,0.99
7/2/2016,,
7/3/2016,114.0,0.98
7/4/2016,,
7/5/2016,,
7/6/2016,,
7/7/2016,,
7/8/2016,,
7/9/2016,,
7/10/2016,,
7/11/2016,,
7/12/2016,,
7/13/2016,,
7/14/2016,124.5,0.98
7/15/2016,92.66666666666670,0.9266666666666670
7/16/2016,,
7/17/2016,,
7/18/2016,129.0,0.98
7/19/2016,,
7/20/2016,126.71428571428600,0.9842857142857140
7/21/2016,129.28571428571400,0.9885714285714290
7/22/2016,129.5,0.985
7/23/2016,134.44444444444400,0.9744444444444440
7/24/2016,129.33333333333300,0.9544444444444440
7/25/2016,130.14285714285700,0.9792857142857140
7/26/2016,123.66666666666700,0.9766666666666670
7/27/2016,135.83333333333300,0.975
7/28/2016,,
7/29/2016,,
7/30/2016,,
7/31/2016,,
8/1/2016,,
8/2/2016,,
8/3/2016,130.0487804878050,0.9797560975609760
8/4/2016,134.04761904761900,0.9733333333333330
8/5/2016,130.0,1.0
8/6/2016,130.08333333333300,0.9808333333333330
8/7/2016,132.0,0.9900000000000000
8/8/2016,130.85714285714300,0.947142857142857
8/9/2016,,
8/10/2016,,
8/11/2016,,
8/12/2016,126.33333333333300,0.98
8/13/2016,131.25,0.9843750000000000
8/14/2016,130.36363636363600,0.9827272727272730
8/15/2016,,
8/16/2016,,
8/17/2016,131.5,0.98
8/18/2016,134.2,0.982
8/19/2016,131.33333333333300,0.9833333333333330
8/20/2016,130.38888888888900,0.98
8/21/2016,131.85714285714300,0.9885714285714290
8/22/2016,135.88235294117600,0.9717647058823530
8/23/2016,131.4,0.9800000000000000
8/24/2016,143.0,0.9833333333333330
8/25/2016,,
8/26/2016,137.22222222222200,0.9577777777777780
8/27/2016,133.54166666666700,0.9616666666666670
8/28/2016,133.875,0.9768750000000000
8/29/2016,136.625,0.9800000000000000
8/30/2016,133.0,0.98
8/31/2016,134.5,0.955
9/1/2016,136.6153846153850,0.96
9/2/2016,139.14285714285700,0.9771428571428570
9/3/2016,135.56666666666700,0.9713333333333340
9/4/2016,136.5,0.9815625000000000
9/5/2016,136.93150684931500,0.974383561643835
9/6/2016,127.0,1.0
9/7/2016,128.0,0.97
9/8/2016,132.83333333333300,0.9716666666666670
9/9/2016,133.25,0.9837500000000000
9/10/2016,136.0,0.9766666666666670
9/11/2016,141.48717948717900,0.9624358974358970
9/12/2016,137.66666666666700,0.9533333333333330
9/13/2016,140.3125,0.955625
9/14/2016,138.4,0.958
9/15/2016,136.53333333333300,0.9800000000000000
9/16/2016,137.85714285714300,0.957857142857143
9/17/2016,141.6060606060610,0.9448484848484850
9/18/2016,139.5625,0.9656250000000000
9/19/2016,,
9/20/2016,,
9/21/2016,131.0,0.9666666666666670
9/22/2016,137.58333333333300,0.9508333333333330
9/23/2016,134.46153846153800,0.9300000000000000
9/24/2016,135.0,0.9808333333333330
9/25/2016,139.66666666666700,0.98
9/26/2016,,
9/27/2016,138.8,0.9880000000000000
9/28/2016,139.33333333333300,0.9458333333333330
9/29/2016,,
9/30/2016,134.0,0.9200000000000000
10/1/2016,139.0,0.99
10/2/2016,133.25,0.9562500000000000
10/3/2016,,
10/4/2016,,
10/5/2016,139.125,0.9737500000000000
10/6/2016,134.0,1.0
10/7/2016,,
10/8/2016,140.625,0.97
10/9/2016,,
10/10/2016,138.125,0.97375
10/11/2016,142.0,1.0
10/12/2016,141.5,0.99
10/13/2016,,
10/14/2016,,
10/15/2016,,
10/16/2016,,
10/17/2016,127.0,0.92
10/18/2016,,
10/19/2016,,
10/20/2016,,
10/21/2016,,
10/22/2016,133.83333333333300,0.9816666666666670
10/23/2016,,
10/24/2016,,
10/25/2016,,
10/26/2016,140.5,1.0
10/27/2016,137.8181818181820,0.9745454545454550
10/28/2016,133.0,0.97
10/29/2016,,
10/30/2016,,
10/31/2016,137.71428571428600,0.9842857142857140
11/1/2016,,
11/2/2016,,
11/3/2016,,
11/4/2016,,
11/5/2016,138.25,0.975
11/6/2016,,
11/7/2016,141.0,0.972857142857143
11/8/2016,,
11/9/2016,,
11/10/2016,126.875,0.95375
11/11/2016,134.5,0.965
11/12/2016,,
11/13/2016,,
11/14/2016,136.8,0.986
11/15/2016,,
11/16/2016,,
11/17/2016,,
11/18/2016,,
11/19/2016,,
11/20/2016,143.0,0.985
11/21/2016,137.0,0.995
11/22/2016,,
11/23/2016,,
11/24/2016,,
11/25/2016,,
11/26/2016,,
11/27/2016,118.0,0.97
11/28/2016,,
11/29/2016,,
11/30/2016,,
12/1/2016,,
12/2/2016,,
12/3/2016,,
12/4/2016,,
12/5/2016,,
12/6/2016,,
12/7/2016,,
12/8/2016,,
12/9/2016,,
12/10/2016,,
12/11/2016,,
12/12/2016,131.0,0.965
12/13/2016,,
12/14/2016,,
12/15/2016,,
12/16/2016,,
12/17/2016,,
12/18/2016,,
12/19/2016,,
12/20/2016,,
12/21/2016,134.5,0.975
12/22/2016,,
12/23/2016,,
12/24/2016,,
12/25/2016,,
12/26/2016,,
12/27/2016,,
12/28/2016,,
12/29/2016,,
12/30/2016,140.0,0.99
12/31/2016,,
1/1/2017,138.0,0.992
1/2/2017,,
1/3/2017,,
1/4/2017,141.75,0.9525
1/5/2017,,
1/6/2017,,
1/7/2017,141.66666666666700,0.9866666666666670
1/8/2017,,
1/9/2017,141.2,0.9800000000000000
1/10/2017,138.53333333333300,0.9866666666666670
1/11/2017,138.0,0.99
1/12/2017,135.0,0.98
1/13/2017,,
1/14/2017,140.0,0.9871428571428570
1/15/2017,138.57142857142900,0.9585714285714290
1/16/2017,135.6,0.982
1/17/2017,,
1/18/2017,135.1,0.9930000000000000
1/19/2017,,
1/20/2017,143.66666666666700,0.9966666666666670
1/21/2017,,
1/22/2017,132.66666666666700,1.0
1/23/2017,139.9,0.994
1/24/2017,137.71428571428600,0.9914285714285710
1/25/2017,,
1/26/2017,,
1/27/2017,140.5,0.9933333333333330
1/28/2017,141.0,0.9833333333333330
1/29/2017,135.0,0.986
1/30/2017,136.0,1.0
1/31/2017,143.5,0.995
2/1/2017,,
2/2/2017,144.0,0.9800000000000000
2/3/2017,,
2/4/2017,137.5,0.9616666666666670
2/5/2017,134.0,0.98
2/6/2017,,
2/7/2017,,
2/8/2017,140.5,0.9925000000000000
2/9/2017,,
2/10/2017,,
2/11/2017,,
2/12/2017,,
2/13/2017,,
2/14/2017,,
2/15/2017,139.0,1.0
2/16/2017,,
2/17/2017,140.0,0.985
2/18/2017,145.0,1.0
2/19/2017,131.0,0.99
2/20/2017,140.0,1.0
2/21/2017,142.5,1.0
2/22/2017,,
2/23/2017,,
2/24/2017,,
2/25/2017,,
2/26/2017,,
2/27/2017,,
2/28/2017,,
3/1/2017,,
3/2/2017,131.0,0.98
3/3/2017,,
3/4/2017,140.42857142857100,0.9957142857142860
3/5/2017,140.8,0.96
3/6/2017,,
3/7/2017,,
3/8/2017,148.66666666666700,0.9933333333333330
3/9/2017,,
3/10/2017,,
3/11/2017,,
3/12/2017,,
3/13/2017,,
3/14/2017,,
3/15/2017,,
3/16/2017,,
3/17/2017,144.5,0.98
3/18/2017,139.0,0.985
3/19/2017,136.83333333333300,0.9933333333333330
3/20/2017,,
3/21/2017,,
3/22/2017,,
3/23/2017,146.0,1.0
3/24/2017,154.0,1.0
3/25/2017,138.0,1.0
3/26/2017,,
3/27/2017,,
3/28/2017,,
3/29/2017,,
3/30/2017,,
3/31/2017,,
4/1/2017,,
4/2/2017,,
4/3/2017,,
4/4/2017,,
4/5/2017,,
4/6/2017,136.66666666666700,0.9900000000000000
4/7/2017,,
4/8/2017,,
4/9/2017,,
4/10/2017,,
4/11/2017,,
4/12/2017,138.0,0.99
4/13/2017,,
4/14/2017,,
4/15/2017,,
4/16/2017,132.75,0.9825
4/17/2017,,
4/18/2017,,
4/19/2017,,
4/20/2017,,
4/21/2017,,
4/22/2017,135.0,0.995
4/23/2017,,
4/24/2017,,
4/25/2017,,
4/26/2017,,
4/27/2017,,
4/28/2017,,
4/29/2017,,
4/30/2017,,
5/1/2017,140.71428571428600,0.9542857142857140
5/2/2017,,
5/3/2017,144.0,1.0
5/4/2017,,
5/5/2017,,
5/6/2017,,
5/7/2017,135.2,0.967
5/8/2017,,
5/9/2017,,
5/10/2017,,
5/11/2017,,
5/12/2017,,
5/13/2017,145.2,0.9960000000000000
5/14/2017,,
5/15/2017,,
5/16/2017,,
5/17/2017,,
5/18/2017,,
5/19/2017,,
5/20/2017,142.33333333333300,0.9966666666666670
5/21/2017,,
5/22/2017,,
5/23/2017,136.0,1.0
5/24/2017,,
5/25/2017,,
5/26/2017,,
5/27/2017,,
5/28/2017,,
5/29/2017,,
5/30/2017,,
5/31/2017,,
6/1/2017,,
6/2/2017,,
6/3/2017,,
6/4/2017,,
6/5/2017,133.26666666666700,0.9906666666666670
6/6/2017,,
6/7/2017,,
6/8/2017,,
6/9/2017,,
6/10/2017,,
6/11/2017,143.0,1.0
6/12/2017,,
6/13/2017,,
6/14/2017,,
6/15/2017,,
6/16/2017,,
6/17/2017,,
6/18/2017,,
6/19/2017,,
6/20/2017,,
6/21/2017,,
6/22/2017,,
6/23/2017,140.6,0.9960000000000000
6/24/2017,,
6/25/2017,,
6/26/2017,,
6/27/2017,,
6/28/2017,143.0,1.0
6/29/2017,,
6/30/2017,,
7/1/2017,,
7/2/2017,,
7/3/2017,141.5,0.9937500000000000
7/4/2017,,
7/5/2017,,
7/6/2017,,
7/7/2017,,
7/8/2017,,
7/9/2017,,
7/10/2017,,
7/11/2017,,
7/12/2017,,
7/13/2017,,
7/14/2017,,
7/15/2017,,
7/16/2017,,
7/17/2017,,
7/18/2017,,
7/19/2017,133.75,0.9875000000000000
7/20/2017,132.5,0.995
7/21/2017,,
7/22/2017,,
7/23/2017,,
7/24/2017,,
7/25/2017,,
7/26/2017,,
7/27/2017,,
7/28/2017,,
7/29/2017,128.0,0.99
7/30/2017,,
7/31/2017,132.8,0.9960000000000000
8/1/2017,132.0,0.9900000000000000
8/2/2017,,
8/3/2017,132.75,0.9925000000000000
8/4/2017,,
8/5/2017,142.0,0.9936363636363640
8/6/2017,139.92,0.9952
8/7/2017,137.0,0.99
8/8/2017,,
8/9/2017,,
8/10/2017,,
8/11/2017,,
8/12/2017,,
8/13/2017,,
8/14/2017,,
8/15/2017,135.0,0.9950000000000000
8/16/2017,,
8/17/2017,,
8/18/2017,,
8/19/2017,133.33333333333300,0.9966666666666670
8/20/2017,,
8/21/2017,,
8/22/2017,,
8/23/2017,,
8/24/2017,,
8/25/2017,,
8/26/2017,132.0,1.0
8/27/2017,,
8/28/2017,,
8/29/2017,,
8/30/2017,,
8/31/2017,,
9/1/2017,,
9/2/2017,137.33333333333300,0.9966666666666670
9/3/2017,,
9/4/2017,,
9/5/2017,,
9/6/2017,,
9/7/2017,,
9/8/2017,,
9/9/2017,,
9/10/2017,,
9/11/2017,,
9/12/2017,,
9/13/2017,,
9/14/2017,,
9/15/2017,,
9/16/2017,,
9/17/2017,,
9/18/2017,,
9/19/2017,,
9/20/2017,,
9/21/2017,,
9/22/2017,137.75,0.9925000000000000
9/23/2017,,
9/24/2017,139.5,0.9950000000000000
9/25/2017,,
9/26/2017,,
9/27/2017,,
9/28/2017,,
9/29/2017,,
9/30/2017,140.1818181818180,0.9936363636363640
10/1/2017,143.0,1.0
10/2/2017,143.63636363636400,0.9972727272727270
10/3/2017,145.44444444444400,0.9933333333333340
10/4/2017,142.14285714285700,0.9938095238095240
10/5/2017,143.75,0.9968750000000000
10/6/2017,142.6153846153850,0.9938461538461540
10/7/2017,143.51612903225800,0.9948387096774190
10/8/2017,146.0,0.995
10/9/2017,146.0,0.9933333333333330
10/10/2017,144.9090909090910,0.9959090909090910
10/11/2017,146.4,0.9960000000000000
10/12/2017,148.41666666666700,0.9983333333333330
10/13/2017,149.0,0.995
10/14/2017,146.9,0.9955
10/15/2017,147.4,0.998
10/16/2017,143.66666666666700,0.9900000000000000
10/17/2017,142.33333333333300,1.0
10/18/2017,146.91666666666700,0.9966666666666670
10/19/2017,142.3,0.9950000000000000
10/20/2017,,
10/21/2017,,
10/22/2017,140.66666666666700,0.9933333333333340
10/23/2017,143.08333333333300,0.9933333333333330
10/24/2017,,
10/25/2017,138.0,0.98
10/26/2017,143.0,0.995
10/27/2017,145.0,1.0
10/28/2017,141.28571428571400,0.9971428571428570
10/29/2017,144.0,0.9975
10/30/2017,149.5,0.995
10/31/2017,145.0,0.99
11/1/2017,,
11/2/2017,144.0,1.0
11/3/2017,,
11/4/2017,147.0,0.99
11/5/2017,147.625,0.9962500000000000
11/6/2017,144.0,1.0
11/7/2017,,
11/8/2017,,
11/9/2017,,
11/10/2017,,
11/11/2017,,
11/12/2017,,
11/13/2017,149.33333333333300,0.9933333333333330
11/14/2017,,
11/15/2017,,
11/16/2017,,
11/17/2017,,
11/18/2017,138.5,0.99
11/19/2017,,
11/20/2017,,
11/21/2017,,
11/22/2017,,
11/23/2017,,
11/24/2017,,
11/25/2017,,
11/26/2017,,
11/27/2017,,
11/28/2017,,
11/29/2017,,
11/30/2017,,
12/1/2017,154.0,1.0
12/2/2017,,
12/3/2017,147.0,1.0
12/4/2017,,
12/5/2017,,
12/6/2017,146.0,1.0
12/7/2017,,
12/8/2017,150.25,1.0
12/9/2017,,
12/10/2017,149.0,0.99
12/11/2017,,
12/12/2017,,
12/13/2017,,
12/14/2017,,
12/15/2017,,
12/16/2017,,
12/17/2017,,
12/18/2017,,
12/19/2017,,
12/20/2017,,
12/21/2017,,
12/22/2017,,
12/23/2017,,
12/24/2017,,
12/25/2017,,
12/26/2017,,
12/27/2017,,
12/28/2017,,
12/29/2017,,
12/30/2017,,
12/31/2017,,
1/1/2018,,
1/2/2018,,
1/3/2018,,
1/4/2018,,
1/5/2018,,
1/6/2018,,
1/7/2018,,
1/8/2018,,
1/9/2018,,
1/10/2018,,
1/11/2018,,
1/12/2018,,
1/13/2018,,
1/14/2018,,
1/15/2018,,
1/16/2018,,
1/17/2018,,
1/18/2018,,
1/19/2018,,
1/20/2018,,
1/21/2018,,
1/22/2018,,
1/23/2018,,
1/24/2018,,
1/25/2018,,
1/26/2018,,
1/27/2018,,
1/28/2018,,
1/29/2018,158.0,1.0
1/30/2018,,
1/31/2018,,
2/1/2018,,
2/2/2018,,
2/3/2018,,
2/4/2018,,
2/5/2018,,
2/6/2018,,
2/7/2018,,
2/8/2018,,
2/9/2018,,
2/10/2018,,
2/11/2018,,
2/12/2018,,
2/13/2018,,
2/14/2018,,
2/15/2018,,
2/16/2018,,
2/17/2018,,
2/18/2018,,
2/19/2018,,
2/20/2018,,
2/21/2018,,
2/22/2018,,
2/23/2018,,
2/24/2018,,
2/25/2018,,
2/26/2018,,
2/27/2018,,
2/28/2018,,
3/1/2018,,
3/2/2018,,
3/3/2018,145.25,0.9962500000000000
3/4/2018,,
3/5/2018,,
3/6/2018,,
3/7/2018,,
3/8/2018,,
3/9/2018,,
3/10/2018,,
3/11/2018,,
3/12/2018,,
3/13/2018,,
3/14/2018,,
3/15/2018,,
3/16/2018,,
3/17/2018,,
3/18/2018,,
3/19/2018,,
3/20/2018,,
3/21/2018,,
3/22/2018,,
3/23/2018,,
3/24/2018,,
3/25/2018,,
3/26/2018,,
3/27/2018,,
3/28/2018,,
3/29/2018,,
3/30/2018,,
3/31/2018,,
4/1/2018,,
4/2/2018,,
4/3/2018,,
4/4/2018,,
4/5/2018,,
4/6/2018,,
4/7/2018,,
4/8/2018,,
4/9/2018,,
4/10/2018,,
4/11/2018,,
4/12/2018,,
4/13/2018,,
4/14/2018,,
4/15/2018,,
4/16/2018,,
4/17/2018,,
4/18/2018,,
4/19/2018,146.0,1.0
4/20/2018,146.4,0.9960000000000000
4/21/2018,,
4/22/2018,,
4/23/2018,,
4/24/2018,,
4/25/2018,,
4/26/2018,146.75,0.995
4/27/2018,,
4/28/2018,142.5,0.995
4/29/2018,,
4/30/2018,,
5/1/2018,146.71428571428600,0.9985714285714290
5/2/2018,,
5/3/2018,,
5/4/2018,,
5/5/2018,,
5/6/2018,,
5/7/2018,,
5/8/2018,,
5/9/2018,,
5/10/2018,,
5/11/2018,,
5/12/2018,,
5/13/2018,149.0,1.0
5/14/2018,,
5/15/2018,,
5/16/2018,,
5/17/2018,,
5/18/2018,,
5/19/2018,145.83333333333300,0.9966666666666670
5/20/2018,,
5/21/2018,,
5/22/2018,,
5/23/2018,,
5/24/2018,,
5/25/2018,,
5/26/2018,,
5/27/2018,,
5/28/2018,,
5/29/2018,,
5/30/2018,,
5/31/2018,,
6/1/2018,,
6/2/2018,,
6/3/2018,,
6/4/2018,,
6/5/2018,,
6/6/2018,,
6/7/2018,,
6/8/2018,,
6/9/2018,,
6/10/2018,,
6/11/2018,,
6/12/2018,,
6/13/2018,,
6/14/2018,,
6/15/2018,,
6/16/2018,,
6/17/2018,,
6/18/2018,,
6/19/2018,,
6/20/2018,,
6/21/2018,,
6/22/2018,,
6/23/2018,,
6/24/2018,,
6/25/2018,,
6/26/2018,,
6/27/2018,,
6/28/2018,,
6/29/2018,,
6/30/2018,,
7/1/2018,,
7/2/2018,,
7/3/2018,,
7/4/2018,,
7/5/2018,,
7/6/2018,,
7/7/2018,,
7/8/2018,,
7/9/2018,,
7/10/2018,,
7/11/2018,,
7/12/2018,,
7/13/2018,152.5,0.9966666666666670
7/14/2018,,
7/15/2018,,
7/16/2018,,
7/17/2018,,
7/18/2018,,
7/19/2018,,
7/20/2018,,
7/21/2018,142.9,0.992
7/22/2018,,
7/23/2018,,
7/24/2018,,
7/25/2018,,
7/26/2018,,
7/27/2018,,
7/28/2018,147.5,0.995
7/29/2018,144.83333333333300,0.9958333333333340
7/30/2018,139.8,0.9960000000000000
7/31/2018,144.02083333333300,0.9960416666666670
8/1/2018,144.0,1.0
8/2/2018,147.08333333333300,0.9975
8/3/2018,145.96,0.9968000000000000
8/4/2018,,
8/5/2018,145.0,0.9940000000000000
8/6/2018,149.0,1.0
8/7/2018,,
8/8/2018,,
8/9/2018,135.0,1.0
8/10/2018,143.33333333333300,0.9950000000000000
8/11/2018,143.0,1.0
8/12/2018,,
8/13/2018,,
8/14/2018,137.0,1.0
8/15/2018,,
8/16/2018,,
8/17/2018,,
8/18/2018,,
8/19/2018,,
8/20/2018,,
8/21/2018,,
8/22/2018,,
8/23/2018,,
8/24/2018,,
8/25/2018,,
8/26/2018,,
8/27/2018,,
8/28/2018,,
8/29/2018,,
8/30/2018,,
8/31/2018,,
9/1/2018,,
9/2/2018,,
9/3/2018,,
9/4/2018,,
9/5/2018,,
9/6/2018,,
9/7/2018,,
9/8/2018,,
9/9/2018,,
9/10/2018,,
9/11/2018,,
9/12/2018,,
9/13/2018,,
9/14/2018,,
9/15/2018,,
9/16/2018,,
9/17/2018,,
9/18/2018,,
9/19/2018,,
9/20/2018,,
9/21/2018,,
9/22/2018,,
9/23/2018,,
9/24/2018,,
9/25/2018,,
9/26/2018,,
9/27/2018,,
9/28/2018,,
9/29/2018,,
9/30/2018,,
10/1/2018,,
10/2/2018,,
10/3/2018,,
10/4/2018,,
10/5/2018,,
10/6/2018,,
10/7/2018,,
10/8/2018,,
10/9/2018,,
10/10/2018,,
10/11/2018,,
10/12/2018,,
10/13/2018,,
10/14/2018,,
10/15/2018,,
10/16/2018,,
10/17/2018,,
10/18/2018,,
10/19/2018,,
10/20/2018,,
10/21/2018,,
10/22/2018,,
10/23/2018,,
10/24/2018,,
10/25/2018,,
10/26/2018,,
10/27/2018,,
10/28/2018,,
10/29/2018,,
10/30/2018,,
10/31/2018,,
11/1/2018,,
11/2/2018,,
11/3/2018,,
11/4/2018,,
11/5/2018,,
11/6/2018,,
11/7/2018,,
11/8/2018,,
11/9/2018,,
11/10/2018,,
11/11/2018,,
11/12/2018,,
11/13/2018,,
11/14/2018,,
11/15/2018,,
11/16/2018,,
11/17/2018,,
11/18/2018,,
11/19/2018,,
11/20/2018,,
11/21/2018,,
11/22/2018,,
11/23/2018,,
11/24/2018,,
11/25/2018,,
11/26/2018,,
11/27/2018,,
11/28/2018,,
11/29/2018,,
11/30/2018,,
12/1/2018,,
12/2/2018,,
12/3/2018,,
12/4/2018,,
12/5/2018,,
12/6/2018,,
12/7/2018,,
12/8/2018,,
12/9/2018,,
12/10/2018,,
12/11/2018,,
12/12/2018,,
12/13/2018,,
12/14/2018,,
12/15/2018,,
12/16/2018,,
12/17/2018,,
12/18/2018,,
12/19/2018,,
12/20/2018,,
12/21/2018,,
12/22/2018,,
12/23/2018,,
12/24/2018,,
12/25/2018,,
12/26/2018,142.625,0.9962500000000000
12/27/2018,146.0,1.0
12/28/2018,,
12/29/2018,,
12/30/2018,,
12/31/2018,,
1/1/2019,,
1/2/2019,,
1/3/2019,,
1/4/2019,,
1/5/2019,,
1/6/2019,,
1/7/2019,,
1/8/2019,,
1/9/2019,,
1/10/2019,,
1/11/2019,,
1/12/2019,,
1/13/2019,,
1/14/2019,,
1/15/2019,,
1/16/2019,,
1/17/2019,,
1/18/2019,,
1/19/2019,,
1/20/2019,,
1/21/2019,,
1/22/2019,129.0,0.985
1/23/2019,,
1/24/2019,,
1/25/2019,,
1/26/2019,,
1/27/2019,,
1/28/2019,,
1/29/2019,,
1/30/2019,,
1/31/2019,,
2/1/2019,,
2/2/2019,,
2/3/2019,,
2/4/2019,,
2/5/2019,,
2/6/2019,,
2/7/2019,,
2/8/2019,,
2/9/2019,,
2/10/2019,,
2/11/2019,,
2/12/2019,,
2/13/2019,,
2/14/2019,,
2/15/2019,,
2/16/2019,,
2/17/2019,,
2/18/2019,,
2/19/2019,,
2/20/2019,,
2/21/2019,,
2/22/2019,,
2/23/2019,,
2/24/2019,,
2/25/2019,,
2/26/2019,,
2/27/2019,,
2/28/2019,,
3/1/2019,,
3/2/2019,123.0,0.99
3/3/2019,,
3/4/2019,,
3/5/2019,,
3/6/2019,,
3/7/2019,,
3/8/2019,,
3/9/2019,,
3/10/2019,144.85714285714300,0.9928571428571430
3/11/2019,,
3/12/2019,144.91176470588200,0.9914705882352940
3/13/2019,145.75,0.9950000000000000
3/14/2019,138.28571428571400,0.9885714285714290
3/15/2019,141.85714285714300,0.9921428571428570
3/16/2019,144.0,0.9880000000000000
3/17/2019,143.1,0.9915
3/18/2019,138.0,0.9940000000000000
3/19/2019,137.45454545454500,0.9963636363636370
3/20/2019,140.96296296296300,0.9916666666666670
3/21/2019,144.54545454545500,0.9945454545454550
3/22/2019,139.75,0.99
3/23/2019,145.3448275862070,0.9951724137931030
3/24/2019,150.6,0.9966666666666670
3/25/2019,145.2463768115940,0.9924637681159420
3/26/2019,146.5,0.9907692307692310
3/27/2019,143.70833333333300,0.9933333333333330
3/28/2019,142.2608695652170,0.9930434782608700
3/29/2019,141.57142857142900,0.9871428571428570
3/30/2019,140.73076923076900,0.9915384615384610
3/31/2019,141.53125,0.9931250000000000
4/1/2019,144.7029702970300,0.9920297029702970
4/2/2019,136.0,0.99
4/3/2019,141.88888888888900,0.9891919191919180
4/4/2019,142.57692307692300,0.9906730769230760
4/5/2019,144.3,0.992
4/6/2019,,
4/7/2019,140.4090909090910,0.9900000000000000
4/8/2019,138.84375,0.9915625000000000
4/9/2019,140.95,0.9903333333333330
4/10/2019,143.1014492753620,0.9910144927536230
4/11/2019,146.8125,0.9926249999999990
4/12/2019,146.17391304347800,0.9919565217391310
4/13/2019,134.5,0.99
4/14/2019,,
4/15/2019,139.71212121212100,0.9896969696969700
4/16/2019,142.25842696629200,0.991460674157303
4/17/2019,,
4/18/2019,149.1846153846150,0.9952307692307690
4/19/2019,148.359375,0.9937500000000000
4/20/2019,146.83333333333300,0.9941666666666670
4/21/2019,143.53333333333300,0.9940000000000000
4/22/2019,147.22988505747100,0.9935632183908040
4/23/2019,,
4/24/2019,146.14285714285700,0.9951428571428570
4/25/2019,145.68571428571400,0.9940000000000000
4/26/2019,147.40776699029100,0.994077669902912
4/27/2019,152.28571428571400,0.9953571428571430
4/28/2019,151.09174311926600,0.9937614678899070
4/29/2019,153.4935064935070,0.9935064935064940
4/30/2019,152.31764705882400,0.9943529411764700
5/1/2019,155.41304347826100,0.9941304347826090
5/2/2019,156.7111111111110,0.9955555555555560
5/3/2019,156.05263157894700,0.9957894736842110
5/4/2019,154.77941176470600,0.9954411764705880
5/5/2019,161.34375,0.9968750000000000
5/6/2019,154.71794871794900,0.9969230769230770
5/7/2019,158.8,1.0
5/8/2019,,
5/9/2019,,
5/10/2019,,
5/11/2019,,
5/12/2019,,
5/13/2019,,
5/14/2019,,
5/15/2019,,
5/16/2019,,
5/17/2019,,
5/18/2019,,
5/19/2019,,
5/20/2019,,
5/21/2019,,
5/22/2019,,
5/23/2019,,
5/24/2019,,
5/25/2019,,
5/26/2019,,
5/27/2019,,
5/28/2019,,
5/29/2019,,
5/30/2019,,
5/31/2019,,
6/1/2019,,
6/2/2019,,
6/3/2019,,
6/4/2019,,
6/5/2019,,
6/6/2019,,
6/7/2019,,
6/8/2019,,
6/9/2019,,
6/10/2019,,
6/11/2019,,
6/12/2019,,
6/13/2019,,
6/14/2019,,
6/15/2019,,
6/16/2019,,
6/17/2019,,
6/18/2019,,
6/19/2019,,
6/20/2019,,
6/21/2019,,
6/22/2019,,
6/23/2019,,
6/24/2019,,
6/25/2019,,
6/26/2019,,
6/27/2019,,
6/28/2019,,
6/29/2019,,
6/30/2019,,
7/1/2019,,
7/2/2019,,
7/3/2019,,
7/4/2019,,
7/5/2019,,
7/6/2019,,
7/7/2019,,
7/8/2019,,
7/9/2019,,
7/10/2019,,
7/11/2019,,
7/12/2019,,
7/13/2019,,
7/14/2019,,
7/15/2019,,
7/16/2019,,
7/17/2019,,
7/18/2019,,
7/19/2019,,
7/20/2019,,
7/21/2019,,
7/22/2019,,
7/23/2019,,
7/24/2019,,
7/25/2019,,
7/26/2019,146.0,1.0
7/27/2019,,
7/28/2019,,
7/29/2019,,
7/30/2019,,
7/31/2019,,
8/1/2019,,
8/2/2019,,
8/3/2019,,
8/4/2019,,
8/5/2019,,
8/6/2019,,
8/7/2019,,
8/8/2019,147.625,0.99875
8/9/2019,145.55555555555600,0.9977777777777780
8/10/2019,,
8/11/2019,149.41379310344800,0.9975862068965510
8/12/2019,,
8/13/2019,141.92857142857100,0.995
8/14/2019,146.66666666666700,0.9976190476190480
8/15/2019,143.66666666666700,0.9959259259259260
8/16/2019,,
8/17/2019,,
8/18/2019,141.0,0.9958333333333340
8/19/2019,,
8/20/2019,142.55555555555600,0.9977777777777780
8/21/2019,137.0,0.99
8/22/2019,144.0,1.0
8/23/2019,,
8/24/2019,142.0,0.9933333333333330
8/25/2019,144.0,1.0
8/26/2019,,
8/27/2019,150.8,0.9960000000000000
8/28/2019,136.0,1.0
8/29/2019,138.0,1.0
8/30/2019,134.0,1.0
8/31/2019,,
9/1/2019,150.33333333333300,1.0
9/2/2019,138.0,1.0
9/3/2019,,
9/4/2019,,
9/5/2019,141.88888888888900,0.9922222222222220
9/6/2019,,
9/7/2019,139.5,0.9975
9/8/2019,138.5,0.9962500000000000
9/9/2019,143.66666666666700,0.9983333333333330
9/10/2019,146.825,0.9945000000000000
9/11/2019,150.28571428571400,0.995
9/12/2019,147.6875,0.9943750000000000
9/13/2019,143.33333333333300,0.9955555555555560
9/14/2019,143.0,0.995
9/15/2019,,
9/16/2019,146.75,0.9975
9/17/2019,140.66666666666700,0.9933333333333330
9/18/2019,145.78571428571400,0.9957142857142860
9/19/2019,136.5,0.99
9/20/2019,146.0,0.994
9/21/2019,,
9/22/2019,,
9/23/2019,146.0,0.9960000000000000
9/24/2019,141.5,0.99
9/25/2019,,
9/26/2019,,
9/27/2019,,
9/28/2019,145.95238095238100,0.9961904761904760
9/29/2019,146.95652173913000,0.9969565217391300
9/30/2019,148.59459459459500,0.9964864864864860
10/1/2019,143.07142857142900,0.992857142857143
10/2/2019,143.75,0.9925000000000000
10/3/2019,148.14285714285700,0.9971428571428570
10/4/2019,146.58064516129000,0.9932258064516130
10/5/2019,148.0,1.0
10/6/2019,151.0,1.0
10/7/2019,146.45454545454500,0.9954545454545460
10/8/2019,145.8,0.994
10/9/2019,144.95833333333300,0.9970833333333330
10/10/2019,157.5,0.9958823529411760
10/11/2019,154.31578947368400,0.9952631578947370
10/12/2019,147.28571428571400,0.9985714285714290
10/13/2019,151.55555555555600,0.9988888888888890
10/14/2019,151.5,0.995
10/15/2019,,
10/16/2019,144.16666666666700,0.9966666666666670
10/17/2019,148.36363636363600,0.9972727272727270
10/18/2019,147.92857142857100,0.9950000000000000
10/19/2019,150.32142857142900,0.997142857142857
10/20/2019,150.06666666666700,0.994
10/21/2019,150.0,0.9930769230769230
10/22/2019,148.5,0.9940625000000000
10/23/2019,149.44444444444400,0.9966666666666670
10/24/2019,151.33333333333300,0.9948484848484850
10/25/2019,149.85714285714300,0.9952380952380950
10/26/2019,153.93333333333300,0.9968888888888890
10/27/2019,,
10/28/2019,150.8,0.998
10/29/2019,141.0,0.995
10/30/2019,150.6,0.9980000000000000
10/31/2019,147.475,0.9942500000000000
11/1/2019,153.04819277108400,0.9951807228915660
11/2/2019,149.08823529411800,0.9961764705882350
11/3/2019,148.83333333333300,0.995952380952381
11/4/2019,148.52,0.9956000000000000
11/5/2019,149.77777777777800,0.9966666666666670
11/6/2019,150.96969696969700,0.9963636363636360
11/7/2019,153.73076923076900,0.9965384615384610
11/8/2019,150.1,0.9930000000000000
11/9/2019,,
11/10/2019,,
11/11/2019,149.66666666666700,0.9960606060606060
11/12/2019,148.44444444444400,0.9922222222222220
11/13/2019,150.01639344262300,0.9947540983606560
11/14/2019,151.6875,0.99625
11/15/2019,150.6417910447760,0.9940298507462690
11/16/2019,147.66666666666700,1.0
11/17/2019,150.1764705882350,0.9970588235294120
11/18/2019,152.42857142857100,0.9964285714285710
11/19/2019,153.05263157894700,0.9978947368421050
11/20/2019,148.88888888888900,0.9933333333333330
11/21/2019,151.57777777777800,0.9953333333333330
11/22/2019,152.66666666666700,0.9962500000000000
11/23/2019,153.46875,0.9956250000000000
11/24/2019,150.33333333333300,0.9950000000000000
11/25/2019,148.1904761904760,0.9966666666666670
11/26/2019,143.75,0.9975
11/27/2019,,
11/28/2019,148.14285714285700,0.9957142857142860
11/29/2019,,
11/30/2019,140.0,0.99
12/1/2019,157.0,1.0
12/2/2019,150.1875,0.9975
12/3/2019,152.13333333333300,0.998
12/4/2019,149.0,0.994
12/5/2019,150.65,0.9960000000000000
12/6/2019,146.85714285714300,0.9957142857142860
12/7/2019,146.0,0.995
12/8/2019,147.33333333333300,0.9966666666666670
12/9/2019,151.2,0.998
12/10/2019,154.91666666666700,0.9975
12/11/2019,151.53333333333300,0.9946666666666670
12/12/2019,148.0,0.9928571428571430
12/13/2019,,
12/14/2019,,
12/15/2019,,
12/16/2019,,
12/17/2019,,
12/18/2019,,
12/19/2019,,
12/20/2019,,
12/21/2019,,
12/22/2019,,
12/23/2019,,
12/24/2019,,
12/25/2019,,
12/26/2019,,
12/27/2019,,
12/28/2019,,
12/29/2019,,
12/30/2019,,
12/31/2019,,
1/1/2020,,
1/2/2020,143.5,0.99
1/3/2020,,
1/4/2020,,
1/5/2020,,
1/6/2020,,
1/7/2020,141.0,1.0
1/8/2020,141.42857142857100,0.9957142857142860
1/9/2020,,
1/10/2020,143.0,1.0
1/11/2020,143.63636363636400,0.9954545454545460
1/12/2020,143.58333333333300,0.9941666666666670
1/13/2020,144.83333333333300,0.9972222222222220
1/14/2020,148.0,1.0
1/15/2020,146.125,0.9975
1/16/2020,142.88888888888900,0.9966666666666670
1/17/2020,136.0,1.0
1/18/2020,,
1/19/2020,,
1/20/2020,,
1/21/2020,,
1/22/2020,149.0,1.0
1/23/2020,145.0,1.0
1/24/2020,,
1/25/2020,,
1/26/2020,,
1/27/2020,,
1/28/2020,148.0,1.0
1/29/2020,148.0,0.9975
1/30/2020,141.41666666666700,0.9966666666666670
1/31/2020,,
2/1/2020,151.75,0.9975
2/2/2020,149.33333333333300,0.9966666666666670
2/3/2020,,
2/4/2020,,
2/5/2020,143.0,1.0
2/6/2020,142.3846153846150,0.9969230769230770
2/7/2020,143.36363636363600,0.9963636363636370
2/8/2020,143.77777777777800,0.9922222222222220
2/9/2020,144.33333333333300,0.9966666666666670
2/10/2020,,
2/11/2020,133.0,0.99
2/12/2020,138.2,0.9940000000000000
2/13/2020,153.0,1.0
2/14/2020,144.4,0.9960000000000000
2/15/2020,142.0,1.0
2/16/2020,152.0,1.0
2/17/2020,149.6,0.9960000000000000
2/18/2020,162.0,1.0
2/19/2020,140.0,0.9900000000000000
2/20/2020,,
2/21/2020,152.5,0.995
2/22/2020,,
2/23/2020,,
2/24/2020,,
2/25/2020,,
2/26/2020,,
2/27/2020,150.625,0.9975
2/28/2020,148.7058823529410,0.9970588235294120
2/29/2020,,
3/1/2020,142.875,0.9962500000000000
3/2/2020,,
3/3/2020,145.5,1.0
3/4/2020,144.0,0.995
3/5/2020,148.55555555555600,0.9988888888888890
3/6/2020,145.0,1.0
3/7/2020,144.0,0.985
3/8/2020,,
3/9/2020,152.0,1.0
3/10/2020,135.0,0.99
3/11/2020,142.5,0.9975
3/12/2020,142.08333333333300,0.9966666666666670
3/13/2020,,
3/14/2020,,
3/15/2020,,
3/16/2020,,
3/17/2020,,
3/18/2020,145.0,0.99
3/19/2020,125.0,0.995
3/20/2020,,
3/21/2020,147.0,1.0
3/22/2020,130.0,1.0
3/23/2020,141.0,0.9985714285714290
3/24/2020,,
3/25/2020,,
3/26/2020,,
3/27/2020,,
3/28/2020,,
3/29/2020,,
3/30/2020,,
3/31/2020,,
4/1/2020,,
4/2/2020,,
4/3/2020,135.0,1.0
4/4/2020,138.0,1.0
4/5/2020,,
4/6/2020,142.22222222222200,0.991111111111111
4/7/2020,146.0,0.9960000000000000
4/8/2020,,
4/9/2020,,
4/10/2020,,
4/11/2020,,
4/12/2020,,
4/13/2020,137.0,1.0
4/14/2020,150.3846153846150,0.9976923076923080
4/15/2020,140.0,0.985
4/16/2020,147.5,1.0
4/17/2020,145.57142857142900,0.9971428571428570
4/18/2020,,
4/19/2020,146.88888888888900,1.0
4/20/2020,137.5,1.0
4/21/2020,137.0,0.99
4/22/2020,148.33333333333300,1.0
4/23/2020,148.0,1.0
4/24/2020,,
4/25/2020,,
4/26/2020,,
4/27/2020,,
4/28/2020,,
4/29/2020,,
4/30/2020,,
5/1/2020,160.0,1.0
5/2/2020,,
5/3/2020,,
5/4/2020,,
5/5/2020,,
5/6/2020,,
5/7/2020,,
5/8/2020,135.0,1.0
5/9/2020,128.0,1.0
5/10/2020,,
5/11/2020,,
5/12/2020,,
5/13/2020,143.0,0.9966666666666670
5/14/2020,,
5/15/2020,144.0,1.0
5/16/2020,146.55555555555600,0.9977777777777780
5/17/2020,,
5/18/2020,146.75,0.99625
5/19/2020,137.0,1.0
5/20/2020,144.0,0.995
5/21/2020,,
5/22/2020,139.0,0.995
5/23/2020,,
5/24/2020,,
5/25/2020,,
5/26/2020,144.33333333333300,1.0
5/27/2020,,
5/28/2020,,
5/29/2020,,
5/30/2020,,
5/31/2020,143.0,0.99
6/1/2020,141.8125,0.9962500000000000
6/2/2020,137.5,0.995
6/3/2020,,
6/4/2020,,
6/5/2020,129.0,1.0
6/6/2020,130.0,0.99
6/7/2020,,
6/8/2020,,
6/9/2020,,
6/10/2020,142.0,1.0
6/11/2020,144.91666666666700,0.9958333333333340
6/12/2020,144.0,0.99
6/13/2020,143.25,0.995
6/14/2020,,
6/15/2020,,
6/16/2020,146.0,0.9976923076923080
6/17/2020,,
6/18/2020,,
6/19/2020,,
6/20/2020,144.7,0.9970000000000000
6/21/2020,140.6,0.998
6/22/2020,143.0,0.9966666666666670
6/23/2020,149.77777777777800,0.9977777777777780
6/24/2020,148.48,0.9948000000000000
6/25/2020,149.88235294117600,0.9952941176470590
6/26/2020,149.3181818181820,0.9959090909090910
6/27/2020,142.0,0.99
6/28/2020,145.9090909090910,0.995909090909091
6/29/2020,,
6/30/2020,141.33333333333300,0.9933333333333330
7/1/2020,,
7/2/2020,146.0,1.0
7/3/2020,142.0,0.99
7/4/2020,,
7/5/2020,,
7/6/2020,,
7/7/2020,151.4,0.9960000000000000
7/8/2020,148.28571428571400,0.9928571428571430
7/9/2020,143.0,0.9960000000000000
7/10/2020,141.4,0.992
7/11/2020,142.0,0.9966666666666670
7/12/2020,,
7/13/2020,142.5,0.995
7/14/2020,143.0,0.992
7/15/2020,142.0,0.99
7/16/2020,143.55555555555600,0.9955555555555560
7/17/2020,145.11111111111100,0.9933333333333330
7/18/2020,,
7/19/2020,,
7/20/2020,142.0,0.9960000000000000
7/21/2020,147.03333333333300,0.9956666666666670
7/22/2020,149.0625,0.9956250000000000
7/23/2020,145.44,0.9944000000000000
7/24/2020,147.02380952381000,0.9938095238095240
7/25/2020,148.25714285714300,0.9932857142857150
7/26/2020,149.85185185185200,0.9940740740740740
7/27/2020,148.84848484848500,0.9942424242424240
7/28/2020,146.25,0.995
7/29/2020,150.34615384615400,0.9965384615384610
7/30/2020,148.71428571428600,0.9942857142857140
7/31/2020,148.83333333333300,0.996
8/1/2020,146.5,0.9927777777777780
8/2/2020,150.23529411764700,0.9941176470588240
8/3/2020,150.0,0.9933333333333330
8/4/2020,147.45833333333300,0.9954166666666660
8/5/2020,150.14893617021300,0.9970212765957450
8/6/2020,147.375,0.9959375000000000
8/7/2020,147.16129032258100,0.9964516129032260
8/8/2020,148.71428571428600,0.9985714285714290
8/9/2020,144.88235294117600,0.9964705882352940
8/10/2020,149.19230769230800,0.9969230769230770
8/11/2020,147.11764705882400,0.9970588235294120
8/12/2020,149.47826086956500,0.9947826086956520
8/13/2020,149.33333333333300,0.9961111111111110
8/14/2020,149.11111111111100,0.995
8/15/2020,143.0,1.0
8/16/2020,140.66666666666700,0.9966666666666670
8/17/2020,,
8/18/2020,152.2,1.0
8/19/2020,,
8/20/2020,146.33333333333300,0.9933333333333330
8/21/2020,149.0,0.9966666666666670
8/22/2020,131.0,0.9925000000000000
8/23/2020,152.2,0.994
8/24/2020,144.75,0.9950000000000000
8/25/2020,147.66666666666700,0.9916666666666670
8/26/2020,151.0,1.0
8/27/2020,147.66666666666700,1.0
8/28/2020,146.71428571428600,0.9950000000000000
8/29/2020,146.33333333333300,1.0
8/30/2020,154.0,1.0
8/31/2020,143.125,0.9962500000000000
9/1/2020,144.0,0.9966666666666670
9/2/2020,142.0,1.0
9/3/2020,,
9/4/2020,144.33333333333300,0.9933333333333330
9/5/2020,,
9/6/2020,146.5,0.985
9/7/2020,149.5,0.995
9/8/2020,,
9/9/2020,147.66666666666700,1.0
9/10/2020,,
9/11/2020,,
9/12/2020,144.5,0.995
9/13/2020,,
9/14/2020,151.0,1.0
9/15/2020,,
9/16/2020,144.6,0.993
9/17/2020,150.5,1.0
9/18/2020,,
9/19/2020,150.66666666666700,1.0
9/20/2020,146.5,0.9966666666666670
9/21/2020,144.2,1.0
9/22/2020,143.66666666666700,0.9950000000000000
9/23/2020,147.88888888888900,0.9972222222222220
9/24/2020,147.4,0.9960000000000000
9/25/2020,141.5,1.0
9/26/2020,142.6,0.9960000000000000
9/27/2020,146.0,0.9950000000000000
9/28/2020,147.0,0.9975
9/29/2020,139.66666666666700,0.9933333333333330
9/30/2020,140.83333333333300,0.9983333333333330
10/1/2020,146.75757575757600,0.9963636363636360
10/2/2020,146.8,0.9940000000000000
10/3/2020,149.26666666666700,0.9973333333333330
10/4/2020,,
10/5/2020,156.0,1.0
10/6/2020,152.2127659574470,0.9965957446808510
10/7/2020,151.64814814814800,0.9983333333333330
10/8/2020,,
10/9/2020,159.0,1.0
10/10/2020,,
10/11/2020,,
10/12/2020,,
10/13/2020,,
10/14/2020,156.8,0.9960000000000000
10/15/2020,156.8,1.0
10/16/2020,,
10/17/2020,,
10/18/2020,156.11111111111100,0.9988888888888890
10/19/2020,158.9,0.9980000000000000
10/20/2020,159.5,1.0
10/21/2020,158.0,1.0
10/22/2020,161.75,1.0
10/23/2020,148.0,1.0
10/24/2020,159.0,1.0
10/25/2020,153.0,1.0
10/26/2020,,
10/27/2020,,
10/28/2020,,
10/29/2020,,
10/30/2020,157.0,1.0
10/31/2020,167.0,1.0
11/1/2020,,
11/2/2020,156.0,1.0
11/3/2020,158.0,1.0
11/4/2020,159.0,0.9975
11/5/2020,160.0,1.0
11/6/2020,,
11/7/2020,160.1818181818180,0.9990909090909090
11/8/2020,152.0,1.0
11/9/2020,159.2,1.0
11/10/2020,161.61111111111100,0.9994444444444450
11/11/2020,162.14285714285700,0.9971428571428570
11/12/2020,151.0,1.0
11/13/2020,144.0,0.99
11/14/2020,155.0,1.0
11/15/2020,162.0,1.0
11/16/2020,,
11/17/2020,,
11/18/2020,157.83333333333300,0.9983333333333330
11/19/2020,154.0,0.9955555555555560
11/20/2020,158.9090909090910,0.9963636363636370
11/21/2020,154.375,0.9962500000000000
11/22/2020,156.8,0.998
11/23/2020,155.0,1.0
11/24/2020,159.5,1.0
11/25/2020,162.58823529411800,0.9958823529411760
11/26/2020,,
11/27/2020,159.66666666666700,0.9966666666666670
11/28/2020,156.33333333333300,0.9955555555555550
11/29/2020,155.85714285714300,0.9978571428571430
11/30/2020,,
12/1/2020,162.5,1.0
12/2/2020,156.0,1.0
12/3/2020,,
12/4/2020,,
12/5/2020,157.33333333333300,0.9933333333333330
12/6/2020,154.55555555555600,0.9955555555555550
12/7/2020,160.5,0.99875
12/8/2020,160.44444444444400,0.9983333333333330
12/9/2020,156.8,1.0
12/10/2020,165.3,0.999
12/11/2020,166.25,1.0
12/12/2020,,
12/13/2020,,
12/14/2020,,
12/15/2020,,
12/16/2020,161.0,1.0
12/17/2020,,
12/18/2020,168.0,1.0
12/19/2020,,
12/20/2020,161.9090909090910,0.9945454545454550
12/21/2020,162.8095238095240,0.997142857142857
12/22/2020,165.6875,0.999375
12/23/2020,163.90625,0.9984375000000000
12/24/2020,167.88888888888900,0.9988888888888890
12/25/2020,167.25,1.0
12/26/2020,162.5,0.995
12/27/2020,153.0,1.0
12/28/2020,167.4,1.0
12/29/2020,169.75,1.0
12/30/2020,167.0,0.995
12/31/2020,167.0,1.0
1/1/2021,,
1/2/2021,,
1/3/2021,,
1/4/2021,,
1/5/2021,,
1/6/2021,,
1/7/2021,,
1/8/2021,137.0,0.99
1/9/2021,162.0,1.0
1/10/2021,168.5,1.0
1/11/2021,166.75,1.0
1/12/2021,169.33333333333300,1.0
1/13/2021,173.0,1.0
1/14/2021,168.25,1.0
1/15/2021,173.0,1.0
1/16/2021,,
1/17/2021,180.0,1.0